Federal Democratic Republic of Ethiopia,ET
Republic of Tunisia,TN
Tuvalu,TV
Republic of Yemen,RY
Kingdom of Lesotho,LS
Republic of Kenya,KE
Republic of India,IN
People's Republic of China,CN
Republic of India,IN
Kingdom of Morocco,MA
Republic of South Sudan,SS
Republic of India,IN
Republic of Ghana,GH
Democratic Republic of Timor-Leste,TP
Hashemite Kingdom of Jordan,JO
Samoa,WS
Samoa,WS
Republic of Madagascar,MG
Kingdom of Cambodia,KH
Kingdom of Morocco,MA
Kyrgyz Republic,KG
Nepal,NP
Hashemite Kingdom of Jordan,JO
Republic of Tajikistan,TJ
Republic of Azerbaijan,AZ
East Asia and Pacific,4E
Lao People's Democratic Republic,LA
Pacific Islands,4P
Solomon Islands,SB
Republic of Mozambique,MZ
People's Republic of Angola,AO
United Republic of Tanzania,TZ
Federal Republic of Nigeria,NG
Republic of Seychelles,SC
People's Republic of Bangladesh,BD
Republic of Senegal,SN
Republic of the Union of Myanmar,MM
West Bank and Gaza,GZ
Argentine Republic,AR
Republic of The Gambia,GM
Russian Federation,RU
Republic of Congo,CG
Russian Federation,RU
Democratic Republic of Sao Tome and Prin,ST
Solomon Islands,SB
Africa,3A
Africa,3A
Ukraine,UA
Union of the Comoros,KM
Republic of Colombia,CO
Republic of Yemen,RY
Africa,3A
Pacific Islands,4P
Republic of Cote d'Ivoire,CI
Republic of Sierra Leone,SL
World,1W
Pacific Islands,4P
Republic of India,IN
Africa,3A
Solomon Islands,SB
Republic of Peru,PE
Republic of Cote d'Ivoire,CI
Republic of Ecuador,EC
Republic of Honduras,HN
Islamic State of Afghanistan,AF
Africa,3A
Kingdom of Morocco,MA
Islamic Republic of Mauritania,MR
Lebanese Republic,LB
West Bank and Gaza,GZ
Republic of Tajikistan,TJ
Burkina Faso,BF
Argentine Republic,AR
Republic of the Marshall Islands,MH
Republic of Mozambique,MZ
Kyrgyz Republic,KG
Republic of Yemen,RY
Republic of Ecuador,EC
Republic of Liberia,LR
Republic of Kenya,KE
Kyrgyz Republic,KG
Republic of Tunisia,TN
Hashemite Kingdom of Jordan,JO
Republic of Mozambique,MZ
Republic of Mozambique,MZ
Republic of Tajikistan,TJ
Samoa,WS
Kingdom of Morocco,MA
Republic of Tajikistan,TJ
Republic of Zimbabwe,ZW
Republic of Mali,ML
Kingdom of Morocco,MA
Republic of Indonesia,ID
Islamic State of Afghanistan,AF
Republic of Armenia,AM
Republic of Guinea,GN
Federal Republic of Nigeria,NG
Federal Republic of Nigeria,NG
South Asia,8S
Africa,3A
Republic of Kazakhstan,KZ
Arab Republic of Egypt,EG
Nepal,NP
Republic of Croatia,HR
Georgia,GE
Republic of Azerbaijan,AZ
Republic of Azerbaijan,AZ
Republic of Liberia,LR
People's Republic of Bangladesh,BD
Republic of Turkey,TR
People's Republic of Bangladesh,BD
Federative Republic of Brazil,BR
Federative Republic of Brazil,BR
Republic of Cape Verde,CV
Nepal,NP
Republic of Benin,BJ
People's Republic of Bangladesh,BD
Republic of Chad,TD
Republic of South Sudan,SS
People's Republic of China,CN
People's Republic of China,CN
People's Republic of China,CN
Republic of India,IN
Republic of Honduras,HN
Republic of Honduras,HN
Republic of Kenya,KE
Republic of Mali,ML
Republic of Haiti,HT
Islamic Republic of Mauritania,MR
Republic of Poland,PL
Republic of Cote d'Ivoire,CI
Middle East and North Africa,5M
Federative Republic of Brazil,BR
Federative Republic of Brazil,BR
Federative Republic of Brazil,BR
Republic of Albania,AL
Islamic State of Afghanistan,AF
Republic of Senegal,SN
Republic of Indonesia,ID
Republic of Vanuatu,VU
Democratic Republic of the Congo,ZR
Democratic Republic of the Congo,ZR
Republic of Cameroon,CM
Republic of Yemen,RY
Republic of Yemen,RY
Republic of Chile,CL
Republic of Ghana,GH
Republic of Turkey,TR
Republic of Ghana,GH
Republic of Belarus,BY
Islamic Republic of Pakistan,PK
Antigua and Barbuda,AG
Republic of Djibouti,DJ
Republic of Djibouti,DJ
Nepal,NP
Mongolia,MN
People's Republic of China,CN
Republic of Togo,TG
Kingdom of Lesotho,LS
Democratic Republic of Sao Tome and Prin,ST
Socialist Republic of Vietnam,VN
Socialist Republic of Vietnam,VN
People's Republic of China,CN
Islamic Republic of Pakistan,PK
People's Republic of China,CN
Lao People's Democratic Republic,LA
Republic of Niger,NE
Africa,3A
Republic of Liberia,LR
Republic of Zambia,ZM
Republic of Liberia,LR
Kingdom of Morocco,MA
Republic of the Sudan,SD
Republic of Malawi,MW
Lao People's Democratic Republic,LA
Republic of Niger,NE
Republic of Indonesia,ID
West Bank and Gaza,GZ
West Bank and Gaza,GZ
Middle East and North Africa,5M
Burkina Faso,BF
Republic of Armenia,AM
Republic of Kazakhstan,KZ
Republic of Uganda,UG
Africa,3A
Republic of Haiti,HT
Republic of Haiti,HT
Federative Republic of Brazil,BR
Republic of Togo,TG
Lebanese Republic,LB
Republic of Yemen,RY
Burkina Faso,BF
Nepal,NP
Kingdom of Bhutan,BT
Nepal,NP
Republic of India,IN
Republic of India,IN
Republic of Moldova,MD
Republic of Rwanda,RW
Socialist Republic of Vietnam,VN
People's Republic of China,CN
Republic of Kosovo,XK
Republic of Indonesia,ID
Democratic Republic of the Congo,ZR
Republic of Zambia,ZM
Democratic Republic of the Congo,ZR
Georgia,GE
Republic of Uganda,UG
People's Republic of Bangladesh,BD
"Macedonia, former Yugoslav Republic of",MK
Republic of Indonesia,ID
Kyrgyz Republic,KG
Republic of Indonesia,ID
Democratic Republic of the Congo,ZR
Republic of India,IN
Republic of Niger,NE
Republic of Burundi,BI
Republic of Mali,ML
Republic of Maldives,MV
Republic of Niger,NE
Lao People's Democratic Republic,LA
Socialist Republic of Vietnam,VN
Republic of Croatia,HR
Hashemite Kingdom of Jordan,JO
Republic of Serbia,YF
Romania,RO
People's Republic of China,CN
Republic of Uzbekistan,UZ
Republic of Zambia,ZM
Republic of Mozambique,MZ
Republic of Mozambique,MZ
Republic of Mozambique,MZ
Republic of Indonesia,ID
Republic of Nicaragua,NI
Republic of Armenia,AM
Lao People's Democratic Republic,LA
Kyrgyz Republic,KG
Republic of Burundi,BI
World,1W
Republic of Yemen,RY
Kingdom of Lesotho,LS
The Independent State of Papua New Guine,PG
Republic of Cote d'Ivoire,CI
Republic of Benin,BJ
Republic of Peru,PE
Republic of Djibouti,DJ
Republic of Yemen,RY
Republic of Indonesia,ID
Republic of Tajikistan,TJ
Socialist Republic of Vietnam,VN
People's Republic of China,CN
Republic of the Sudan,SD
Republic of Uganda,UG
Republic of South Sudan,SS
Republic of Mozambique,MZ
Republic of Mozambique,MZ
Republic of Mali,ML
Union of the Comoros,KM
Democratic Socialist Republic of Sri Lan,LK
Republic of Turkey,TR
Kingdom of Morocco,MA
Republic of Mauritius,MU
Republic of Armenia,AM
Republic of Turkey,TR
Republic of Mauritius,MU
United Republic of Tanzania,TZ
Republic of Nicaragua,NI
Federal Republic of Nigeria,NG
United Republic of Tanzania,TZ
Federal Republic of Nigeria,NG
Republic of Panama,PA
United Republic of Tanzania,TZ
Republic of Cameroon,CM
Republic of Niger,NE
Burkina Faso,BF
People's Republic of China,CN
People's Republic of China,CN
People's Republic of China,CN
People's Republic of China,CN
People's Republic of China,CN
People's Republic of China,CN
Republic of Vanuatu,VU
Socialist Republic of Vietnam,VN
Republic of the Philippines,PH
Republic of the Marshall Islands,MH
Islamic State of Afghanistan,AF
Republic of Moldova,MD
Africa,3A
Islamic Republic of Pakistan,PK
Republic of Benin,BJ
Republic of Rwanda,RW
Republic of Benin,BJ
Republic of Kiribati,KI
Kingdom of Morocco,MA
Kingdom of Morocco,MA
Republic of the Sudan,SD
Kyrgyz Republic,KG
Republic of Uzbekistan,UZ
Hashemite Kingdom of Jordan,JO
Republic of Indonesia,ID
Republic of Indonesia,ID
Republic of Yemen,RY
Socialist Republic of Vietnam,VN
Socialist Republic of Vietnam,VN
Federal Democratic Republic of Ethiopia,ET
People's Republic of China,CN
Islamic State of Afghanistan,AF
Kingdom of Thailand,TH
Socialist Republic of Vietnam,VN
Republic of Nicaragua,NI
Burkina Faso,BF
The Independent State of Papua New Guine,PG
The Independent State of Papua New Guine,PG
Republic of Rwanda,RW
Republic of Yemen,RY
Nepal,NP
Kingdom of Morocco,MA
Republic of Yemen,RY
Republic of Yemen,RY
Kingdom of Cambodia,KH
Nepal,NP
People's Republic of Bangladesh,BD
Middle East and North Africa,5M
Republic of Kazakhstan,KZ
Democratic Republic of Timor-Leste,TP
Republic of Croatia,HR
Kingdom of Bhutan,BT
Samoa,WS
Russian Federation,RU
Republic of Sierra Leone,SL
Republic of Armenia,AM
Burkina Faso,BF
Republic of Armenia,AM
Socialist Republic of Vietnam,VN
Republic of Uzbekistan,UZ
Republic of Mozambique,MZ
Republic of Moldova,MD
Republic of Mozambique,MZ
Republic of Moldova,MD
Republic of Tunisia,TN
Republic of the Union of Myanmar,MM
Federal Republic of Nigeria,NG
Republic of Peru,PE
People's Republic of China,CN
Republic of Nicaragua,NI
Socialist Republic of Vietnam,VN
United Republic of Tanzania,TZ
Republic of Armenia,AM
Republic of Albania,AL
Europe and Central Asia,7E
Socialist Republic of Vietnam,VN
Republic of Togo,TG
"Macedonia, former Yugoslav Republic of",MK
Africa,3A
People's Republic of Bangladesh,BD
The Independent State of Papua New Guine,PG
Republic of Maldives,MV
Republic of Azerbaijan,AZ
Republic of Senegal,SN
Republic of Namibia,NA
Burkina Faso,BF
Burkina Faso,BF
Kyrgyz Republic,KG
Ukraine,UA
Republic of Indonesia,ID
Democratic Republic of the Congo,ZR
Central African Republic,CF
Islamic State of Afghanistan,AF
Arab Republic of Egypt,EG
Republic of Uzbekistan,UZ
Republic of Honduras,HN
Republic of Malawi,MW
Republic of Colombia,CO
Republic of Peru,PE
Republic of Peru,PE
Republic of Honduras,HN
Republic of the Philippines,PH
Republic of Indonesia,ID
Republic of The Gambia,GM
Republic of Vanuatu,VU
Republic of Peru,PE
Lao People's Democratic Republic,LA
Islamic Republic of Pakistan,PK
Republic of Albania,AL
Union of the Comoros,KM
"Macedonia, former Yugoslav Republic of",MK
Republic of Madagascar,MG
Republic of Madagascar,MG
Republic of Tajikistan,TJ
West Bank and Gaza,GZ
Hashemite Kingdom of Jordan,JO
Republic of Tunisia,TN
Republic of the Sudan,SD
People's Republic of China,CN
Republic of India,IN
Republic of Indonesia,ID
Republic of Indonesia,ID
Republic of Indonesia,ID
Republic of Indonesia,ID
United Mexican States,MX
Islamic Republic of Pakistan,PK
Pacific Islands,4P
Republic of Kenya,KE
Republic of Kenya,KE
Nepal,NP
Kingdom of Tonga,TO
Socialist Republic of Vietnam,VN
Oriental Republic of Uruguay,UY
Republic of Nicaragua,NI
Republic of Colombia,CO
Oriental Republic of Uruguay,UY
Republic of Nicaragua,NI
Jamaica,JM
Socialist Republic of Vietnam,VN
Ukraine,UA
Federative Republic of Brazil,BR
Federative Republic of Brazil,BR
Georgia,GE
Republic of Yemen,RY
Republic of Maldives,MV
Hashemite Kingdom of Jordan,JO
South Asia,8S
Republic of Moldova,MD
Socialist Republic of Vietnam,VN
Republic of the Union of Myanmar,MM
Republic of Tajikistan,TJ
Lebanese Republic,LB
Kingdom of Morocco,MA
Republic of Tajikistan,TJ
Socialist Republic of Vietnam,VN
Bosnia and Herzegovina,BA
Republic of India,IN
United Republic of Tanzania,TZ
Republic of Burundi,BI
Plurinational State of Bolivia,BO
Plurinational State of Bolivia,BO
Republic of Burundi,BI
United Republic of Tanzania,TZ
United Republic of Tanzania,TZ
Republic of Senegal,SN
Nepal,NP
Burkina Faso,BF
Republic of Ghana,GH
Republic of Kosovo,XK
Kingdom of Morocco,MA
Republic of Indonesia,ID
Republic of Uganda,UG
Kingdom of Bhutan,BT
Kingdom of Bhutan,BT
Africa,3A
People's Republic of Bangladesh,BD
Islamic Republic of Pakistan,PK
Republic of India,IN
Republic of Costa Rica,CR
Oriental Republic of Uruguay,UY
Republic of Haiti,HT
Republic of India,IN
Republic of Haiti,HT
Republic of India,IN
Republic of Guatemala,GT
Federal Republic of Nigeria,NG
Federal Democratic Republic of Ethiopia,ET
Republic of Guinea,GN
Federal Democratic Republic of Ethiopia,ET
People's Republic of Bangladesh,BD
People's Republic of Bangladesh,BD
Russian Federation,RU
Republic of Seychelles,SC
Ukraine,UA
Republic of Croatia,HR
Republic of Liberia,LR
People's Republic of Bangladesh,BD
Republic of Armenia,AM
Republic of Albania,AL
Islamic Republic of Pakistan,PK
Republic of Indonesia,ID
Socialist Republic of Vietnam,VN
Republic of Uzbekistan,UZ
Islamic Republic of Pakistan,PK
Republic of Guatemala,GT
Republic of Zambia,ZM
Republic of India,IN
Republic of India,IN
Republic of India,IN
Republic of the Philippines,PH
Mongolia,MN
Middle East and North Africa,5M
United Mexican States,MX
Federative Republic of Brazil,BR
The Independent State of Papua New Guine,PG
Nepal,NP
West Bank and Gaza,GZ
Islamic Republic of Pakistan,PK
People's Republic of Bangladesh,BD
Nepal,NP
Jamaica,JM
Lao People's Democratic Republic,LA
Republic of Guinea,GN
Republic of Indonesia,ID
Republic of Kenya,KE
